# ODIClient terrain-list callback trace; CPU wall time, not draw/GPU time; new session
monotonic_ns,window_ms,callbacks,callback_total_ms,callback_max_ms,frames,frame_avg_ms,frame_max_ms,render_options
2813648267980,1000.580,0,0.000000,0.000000,1013,0.851654,172.767667,15
2814648820426,1000.552,0,0.000000,0.000000,1744,0.573711,97.400605,15
2815648908459,1000.088,0,0.000000,0.000000,1704,0.586906,14.134650,15
2816649207422,1000.299,0,0.000000,0.000000,1879,0.532357,12.363388,15
2817649470423,1000.263,0,0.000000,0.000000,1871,0.534614,5.783178,15
2818652524742,1003.054,0,0.000000,0.000000,1943,0.516240,20.159299,15
2819657289810,1004.765,0,0.000000,0.000000,1568,0.640794,121.318966,15
2820657601879,1000.312,0,0.000000,0.000000,2121,0.471623,7.688060,15
2821657857836,1000.256,0,0.000000,0.000000,2191,0.456529,2.384466,15
2822657920641,1000.063,0,0.000000,0.000000,2201,0.454367,2.157294,15
2823658291016,1000.370,0,0.000000,0.000000,2174,0.460152,2.451576,15
2824658782881,1000.492,0,0.000000,0.000000,2159,0.463405,2.351985,15
2825659238464,1000.456,0,0.000000,0.000000,1956,0.511480,2.509687,15
2826660018528,1000.780,0,0.000000,0.000000,1976,0.506468,3.799405,15
2827703113454,1043.095,0,0.000000,0.000000,1221,0.854296,176.885207,15
2828703365372,1000.252,0,0.000000,0.000000,2193,0.456111,21.604655,15
2829703607209,1000.242,0,0.000000,0.000000,2458,0.406933,15.163002,15
2830724374143,1020.767,0,0.000000,0.000000,2166,0.471268,76.673891,15
2831724897418,1000.523,0,0.000000,0.000000,901,1.110459,245.861153,15
2832725058160,1000.161,0,0.000000,0.000000,1913,0.522823,3.877817,15
2833725241409,1000.183,0,0.000000,0.000000,1590,0.629046,14.726811,15
2834727072898,1001.831,0,0.000000,0.000000,1918,0.522331,4.468881,15
2835727513535,1000.441,0,0.000000,0.000000,1893,0.528495,5.577729,15
2836727888070,1000.375,0,0.000000,0.000000,1820,0.549656,8.556270,15
2837728133822,1000.246,0,0.000000,0.000000,1780,0.561936,6.633346,15
2838751858196,1023.724,0,0.000000,0.000000,940,1.089068,222.872941,15
2839752498937,1000.641,0,0.000000,0.000000,1482,0.675196,4.524661,15
2840758984407,1006.485,3,0.002570,0.001500,1071,0.939762,136.570006,15
2841759071119,1000.087,607,14.940325,0.139361,606,1.650308,33.816909,15
2842759107019,1000.036,810,20.852782,0.106361,810,1.234612,3.866017,15
2843766720320,1007.613,982,21.183995,0.039320,982,1.026083,23.364157,15
2844767308629,1000.588,499,11.953723,0.046200,499,2.005187,4.380261,15
2845767837175,1000.529,481,14.046010,0.656685,481,2.080101,5.234218,15
2846769200684,1001.364,491,13.384069,0.061971,491,2.039437,4.256221,15
2847769238312,1000.038,497,12.613710,0.056690,497,2.012148,3.888249,15
2848769823580,1000.585,495,14.257341,0.157351,495,2.021384,4.070619,15
2849769998503,1000.175,493,13.598885,0.169621,493,2.028752,4.324811,15
2850771711464,1001.713,487,15.217561,0.209131,487,2.056905,3.899339,15
2851772241114,1000.530,488,14.146549,0.089291,489,2.046073,4.547784,15
2852773752658,1001.512,492,13.797337,0.119751,491,2.039738,3.818488,15
2853775224479,1001.472,495,13.288212,0.094131,495,2.023175,4.063850,15
2854775669029,1000.445,491,13.941384,0.155051,491,2.037565,3.534836,15
2855777439496,1001.770,495,13.649054,0.058301,495,2.023779,4.002970,15
2856777546147,1000.107,497,12.363678,0.051471,497,2.012287,3.943809,15
2857777581885,1000.036,496,11.773535,0.135761,496,2.016201,3.794759,15
2858779642435,1002.061,499,12.265581,0.056970,499,2.008137,3.929130,15
2859781555800,1001.913,498,12.372526,0.057310,498,2.011874,3.866099,15
2860781712959,1000.157,498,11.634379,0.044841,498,2.008348,3.953430,15
2861783527997,1001.815,280,7.881173,0.047571,280,3.577911,6.563200,14
2862783782140,1000.254,257,7.349627,0.048020,257,3.892040,5.549183,14
2863786738190,1002.956,282,7.824293,0.045461,282,3.556582,5.370672,14
2864788730119,1001.992,289,8.135769,0.043021,289,3.467100,5.218000,14
2865789904769,1001.175,291,8.039485,0.065310,291,3.440463,5.058630,14
2866791017724,1001.113,349,10.117409,0.066011,349,2.868518,4.172622,14
2867792447798,1001.430,341,10.074929,0.064170,341,2.936745,4.340154,14
2868795465741,1003.018,344,9.340623,0.055370,344,2.915750,8.936560,14
2869796218992,1000.753,344,10.480434,0.070340,344,2.909166,5.006479,14
2870798488322,1002.269,379,10.969898,0.727936,379,2.644510,4.251823,14
2871799902051,1001.414,415,9.183828,0.037701,415,2.413045,6.532801,14
2872800249087,1000.347,343,10.028639,0.045450,343,2.916464,4.777248,14
2873801132804,1000.884,362,10.192389,0.060761,362,2.764872,8.448108,14
2874802093978,1000.961,406,10.505186,0.048900,406,2.465422,3.682059,14
2875805327165,1003.233,374,9.931324,0.048670,374,2.682442,4.823529,14
2876807251008,1001.924,341,9.959914,0.045760,341,2.938193,13.225906,14
2877810011764,1002.761,303,9.180031,0.051801,303,3.309441,6.871115,14
2878812271531,1002.260,342,8.770507,0.041310,342,2.930584,8.531409,14
2879814400183,1002.129,298,8.288352,0.039821,298,3.362848,5.471715,14
2880816234349,1001.834,337,9.299284,0.041950,337,2.972802,5.148071,14
2881816457487,1000.223,352,9.189169,0.042600,352,2.841543,4.570497,14
2882818761187,1002.304,356,9.271202,0.051360,356,2.815460,5.607886,14
2883819855993,1001.095,325,8.296245,0.039841,325,3.080292,4.807030,14
2884821824282,1001.968,380,8.649560,0.038150,380,2.636759,4.959351,14
2885823993678,1002.169,398,8.192493,0.035511,398,2.518014,4.185634,14
2886824291134,1000.297,354,8.348867,0.041821,354,2.825699,4.547888,14
2887825980377,1001.689,325,8.788003,0.044120,325,3.082121,7.304161,14
2888828063618,1002.083,331,8.064343,0.040590,331,3.027442,7.785025,14
2889833778576,1005.715,417,7.448551,0.041530,417,2.411786,14.202599,14
2890834177123,1000.399,14,0.147140,0.016430,516,1.938757,168.532253,14
2891996366578,1162.189,0,0.000000,0.000000,1633,0.711690,195.546766,14
2892996885711,1000.519,0,0.000000,0.000000,2397,0.417405,3.108056,14
2893996984785,1000.099,0,0.000000,0.000000,2468,0.405227,2.221118,14
2894997010354,1000.026,0,0.000000,0.000000,2304,0.434039,12.236144,14
2895997201639,1000.191,0,0.000000,0.000000,1966,0.508744,3.229128,14
