# ODIClient terrain trace v4; new session; CPU/API times, not GPU execution times
monotonic_ns,window_ms,callbacks,callback_total_ms,callback_max_ms,frames,frame_avg_ms,frame_max_ms,render_options,sections_produced,sections_kept,prepare_calls,prepare_wall_total_ms,prepare_wall_max_ms,prepare_thread_cpu_ms,draw_arrays_calls,draw_arrays_vertices,draw_arrays_samples,draw_arrays_sample_total_ms,draw_arrays_sample_max_ms,draw_elements_calls,draw_elements_indices,draw_elements_samples,draw_elements_sample_total_ms,draw_elements_sample_max_ms,buffer_data_calls,buffer_data_requested_bytes,buffer_data_samples,buffer_data_sample_total_ms,buffer_data_sample_max_ms,buffer_sub_data_calls,buffer_sub_data_requested_bytes,buffer_sub_data_samples,buffer_sub_data_sample_total_ms,buffer_sub_data_sample_max_ms,gpu_multidraw_enabled,gpu_multidraw_available,gpu_array_batches,gpu_element_batches,gpu_commands,gpu_avoided_calls,gpu_fallback_batches,gpu_status,uniform_cache_enabled,uniform_cache_available,uniform_calls,uniform_skipped_calls,uniform_skipped_bytes,uniform_status,uniform_eligible_calls,uniform_owner_rejected_calls,uniform_uncacheable_calls
# prepare_hook=1 gl_import_hooks=1 gl_timing_sample_stride=64; nested timings overlap
6680272182487,1000.296,0,0.000000,0.000000,1128,0.766584,168.629904,15,0,0,0,0.000000,0.000000,0.000000,0,0,0,0.000000,0.000000,0,0,0,0.000000,0.000000,16,17186980,1,0.004970,0.004970,20202,1878320,316,0.649037,0.361954,0,1,0,0,0,0,0,GLES multidraw available,0,1,235662,0,0,Uniform reuse available,0,0,0
6681272512466,1000.330,0,0.000000,0.000000,1874,0.533795,97.139487,15,0,0,0,0.000000,0.000000,0.000000,0,0,0,0.000000,0.000000,0,0,0,0.000000,0.000000,727,2970560,11,0.010070,0.001360,28323,6598512,443,0.347735,0.013950,0,1,0,0,0,0,0,GLES multidraw available,0,1,166320,0,0,Uniform reuse available,0,0,0
6682272512806,1000.000,0,0.000000,0.000000,1904,0.525210,18.492824,15,0,0,0,0.000000,0.000000,0.000000,0,0,0,0.000000,0.000000,0,0,0,0.000000,0.000000,761,3117056,12,0.010290,0.001150,28560,6854400,446,0.346492,0.007130,0,1,0,0,0,0,0,GLES multidraw available,0,1,159936,0,0,Uniform reuse available,0,0,0
6683272662071,1000.149,0,0.000000,0.000000,854,1.171136,211.158599,15,0,0,0,0.000000,0.000000,0.000000,0,0,0,0.000000,0.000000,0,0,0,0.000000,0.000000,25,1217088,0,0.000000,0.000000,6345,1749640,99,0.083799,0.004840,0,1,0,0,0,0,0,GLES multidraw available,0,1,34212,0,0,Uniform reuse available,0,0,0
6684272847712,1000.186,0,0.000000,0.000000,1848,0.541226,58.092564,15,0,0,0,0.000000,0.000000,0.000000,0,0,0,0.000000,0.000000,0,0,0,0.000000,0.000000,1,4096,0,0.000000,0.000000,13147,856398,206,0.160049,0.002140,0,1,0,0,0,0,0,GLES multidraw available,0,1,70090,0,0,Uniform reuse available,0,0,0
6685275190324,1002.343,0,0.000000,0.000000,1272,0.788005,187.294425,15,0,0,0,0.000000,0.000000,0.000000,0,0,0,0.000000,0.000000,0,0,0,0.000000,0.000000,1,4096,0,0.000000,0.000000,12752,2435088,199,0.163144,0.002660,0,1,0,0,0,0,0,GLES multidraw available,0,1,75160,0,0,Uniform reuse available,0,0,0
6686275556685,1000.366,0,0.000000,0.000000,1286,0.777889,221.039950,15,0,0,0,0.000000,0.000000,0.000000,0,0,0,0.000000,0.000000,0,0,0,0.000000,0.000000,0,0,0,0.000000,0.000000,14148,2943456,221,0.171068,0.002600,0,1,0,0,0,0,0,GLES multidraw available,0,1,81018,0,0,Uniform reuse available,0,0,0
6687275859423,1000.303,0,0.000000,0.000000,2190,0.456760,4.611064,15,0,0,0,0.000000,0.000000,0.000000,0,0,0,0.000000,0.000000,0,0,0,0.000000,0.000000,0,0,0,0.000000,0.000000,24091,5011360,376,0.295908,0.008320,0,1,0,0,0,0,0,GLES multidraw available,0,1,137970,0,0,Uniform reuse available,0,0,0
6688276065990,1000.207,0,0.000000,0.000000,1813,0.551686,7.841492,15,0,0,0,0.000000,0.000000,0.000000,0,0,0,0.000000,0.000000,0,0,0,0.000000,0.000000,0,0,0,0.000000,0.000000,19943,4148144,312,0.259486,0.005360,0,1,0,0,0,0,0,GLES multidraw available,0,1,114219,0,0,Uniform reuse available,0,0,0
6689276305302,1000.239,0,0.000000,0.000000,2194,0.455898,5.561769,15,0,0,0,0.000000,0.000000,0.000000,0,0,0,0.000000,0.000000,0,0,0,0.000000,0.000000,0,0,0,0.000000,0.000000,24134,5019872,377,0.278215,0.006180,0,1,0,0,0,0,0,GLES multidraw available,0,1,138222,0,0,Uniform reuse available,0,0,0
6690276594499,1000.289,0,0.000000,0.000000,2118,0.472280,5.051538,15,0,0,0,0.000000,0.000000,0.000000,0,0,0,0.000000,0.000000,0,0,0,0.000000,0.000000,0,0,0,0.000000,0.000000,23298,4845984,364,0.272413,0.005020,0,1,0,0,0,0,0,GLES multidraw available,0,1,133434,0,0,Uniform reuse available,0,0,0
6691276874423,1000.280,0,0.000000,0.000000,1992,0.502149,3.513323,15,0,0,0,0.000000,0.000000,0.000000,0,0,0,0.000000,0.000000,0,0,0,0.000000,0.000000,0,0,0,0.000000,0.000000,21912,4557696,342,0.280000,0.006180,0,1,0,0,0,0,0,GLES multidraw available,0,1,125496,0,0,Uniform reuse available,0,0,0
6692277733783,1000.859,0,0.000000,0.000000,1072,0.933637,257.257471,15,0,0,0,0.000000,0.000000,0.000000,0,0,0,0.000000,0.000000,0,0,0,0.000000,0.000000,0,0,0,0.000000,0.000000,11795,2716416,185,0.136206,0.002200,0,1,0,0,0,0,0,GLES multidraw available,0,1,67536,0,0,Uniform reuse available,0,0,0
6693278203916,1000.470,0,0.000000,0.000000,1249,0.801017,45.600412,15,0,0,0,0.000000,0.000000,0.000000,0,0,0,0.000000,0.000000,0,0,0,0.000000,0.000000,2,8192,0,0.000000,0.000000,13827,3125024,216,0.171568,0.001820,0,1,0,0,0,0,0,GLES multidraw available,0,1,250391,0,0,Uniform reuse available,0,0,0
6694400281237,1122.077,2,0.004110,0.003110,927,1.210438,130.133515,15,0,0,2,0.033079,0.023939,0.029850,0,0,0,0.000000,0.000000,0,0,0,0.000000,0.000000,4,6303520,1,0.000440,0.000440,10173,2127444,159,0.221554,0.091208,0,1,0,0,0,0,0,GLES multidraw available,0,1,293799,0,0,Uniform reuse available,0,0,0
6695400719496,1000.438,748,12.757471,0.039279,747,1.339277,45.143833,15,419927,41678,748,31.634795,0.160257,30.531031,0,0,0,0.000000,0.000000,0,0,0,0.000000,0.000000,1305,4716490480,20,0.014459,0.001150,9584,18824556,149,0.127677,0.010410,0,1,0,0,0,0,0,GLES multidraw available,0,1,1546228,0,0,Uniform reuse available,0,0,0
6696401187571,1000.468,787,13.895485,0.036490,787,1.271243,9.798143,15,478889,46915,787,34.093105,0.073799,32.958161,0,0,0,0.000000,0.000000,0,0,0,0.000000,0.000000,792,4951496032,12,0.011730,0.001220,9452,2299332,148,0.085940,0.001090,0,1,0,0,0,0,0,GLES multidraw available,0,1,1699480,0,0,Uniform reuse available,0,0,0
6697402075064,1000.887,777,15.210156,0.050859,777,1.288143,3.074211,15,492752,47077,777,36.266052,0.077259,34.975002,0,0,0,0.000000,0.000000,0,0,0,0.000000,0.000000,779,4888512832,12,0.011520,0.001220,9328,2206524,146,0.087609,0.001070,0,1,0,0,0,0,0,GLES multidraw available,0,1,1694480,0,0,Uniform reuse available,0,0,0
6698403185850,1001.111,785,15.034731,0.042690,785,1.275301,3.010082,15,493960,47626,785,36.222960,0.099228,34.843287,0,0,0,0.000000,0.000000,0,0,0,0.000000,0.000000,787,4938848272,13,0.012220,0.001160,9422,2228108,147,0.096039,0.001580,0,1,0,0,0,0,0,GLES multidraw available,0,1,1710889,0,0,Uniform reuse available,0,0,0
6699406612124,1003.426,485,10.427121,0.053199,485,2.068920,23.421166,14,300700,41980,485,27.501484,0.259696,26.685994,0,0,0,0.000000,0.000000,0,0,0,0.000000,0.000000,925,3067098752,14,0.008620,0.001050,6644,17090580,104,0.102720,0.014580,0,1,0,0,0,0,0,GLES multidraw available,0,1,1087457,0,0,Uniform reuse available,0,0,0
6700407323388,1000.711,270,6.139187,0.051299,270,3.706338,7.851345,14,167400,167400,270,55.914288,0.351545,54.704648,0,0,0,0.000000,0.000000,0,0,0,0.000000,0.000000,736,1719061072,12,0.029888,0.005530,4045,21107408,63,0.204147,0.068999,0,1,0,0,0,0,0,GLES multidraw available,0,1,2390956,0,0,Uniform reuse available,0,0,0
6701408830834,1001.507,386,8.584991,0.052010,386,2.594579,5.286226,7,239320,94259,386,39.496240,0.357104,38.362057,0,0,0,0.000000,0.000000,0,0,0,0.000000,0.000000,386,2428502016,6,0.004570,0.000970,5294,1161568,83,0.067230,0.002200,0,1,0,0,0,0,0,GLES multidraw available,0,1,1723356,0,0,Uniform reuse available,0,0,0
6702411303590,1002.473,302,6.885367,0.050869,302,3.319446,5.425174,1,187240,187036,302,61.939973,0.332335,60.833101,0,0,0,0.000000,0.000000,0,0,0,0.000000,0.000000,302,1900019712,4,0.002790,0.000720,4228,932832,66,0.053458,0.001950,0,1,0,0,0,0,0,GLES multidraw available,0,1,2724201,0,0,Uniform reuse available,0,0,0
6703413676823,1002.373,311,6.854588,0.037889,311,3.223065,4.895963,1,192820,192820,311,63.774781,0.313695,62.656132,0,0,0,0.000000,0.000000,0,0,0,0.000000,0.000000,311,1956642816,5,0.003770,0.001000,4354,997776,68,0.055850,0.003210,0,1,0,0,0,0,0,GLES multidraw available,0,1,2807708,0,0,Uniform reuse available,0,0,0
6704414188091,1000.511,312,6.822791,0.035969,312,3.206767,4.865333,1,193440,193440,312,63.473485,0.347014,62.574643,0,0,0,0.000000,0.000000,0,0,0,0.000000,0.000000,312,1962934272,5,0.004070,0.001020,4368,1020576,68,0.053810,0.001960,0,1,0,0,0,0,0,GLES multidraw available,0,1,2808357,0,0,Uniform reuse available,0,0,0
6705414510817,1000.323,313,6.760756,0.043210,313,3.195919,4.892503,1,194060,194060,313,63.961009,0.347855,63.005752,0,0,0,0.000000,0.000000,0,0,0,0.000000,0.000000,313,1969225728,5,0.003810,0.000810,4382,1026256,69,0.055488,0.002240,0,1,0,0,0,0,0,GLES multidraw available,0,1,2806045,0,0,Uniform reuse available,0,0,0
6706415016265,1000.505,313,6.645291,0.039969,313,3.196503,4.914202,1,194060,194060,313,63.836414,0.348344,62.963637,0,0,0,0.000000,0.000000,0,0,0,0.000000,0.000000,313,1969225728,5,0.003790,0.000780,4382,1066704,68,0.053668,0.002230,0,1,0,0,0,0,0,GLES multidraw available,0,1,2806045,0,0,Uniform reuse available,0,0,0
6707416780609,1001.764,314,6.777367,0.040539,314,3.190332,4.885144,1,194680,194680,314,64.482981,0.291726,63.577335,0,0,0,0.000000,0.000000,0,0,0,0.000000,0.000000,314,1975517184,5,0.003760,0.000780,4396,1070112,69,0.056820,0.002320,0,1,0,0,0,0,0,GLES multidraw available,0,1,2815010,0,0,Uniform reuse available,0,0,0
6708418674535,1001.894,353,7.240677,0.034069,353,2.838226,4.851475,1,218860,218860,353,71.601677,0.343615,70.629974,0,0,0,0.000000,0.000000,0,0,0,0.000000,0.000000,353,2220883968,5,0.004380,0.001030,4942,1203024,77,0.062068,0.002340,0,1,0,0,0,0,0,GLES multidraw available,0,1,3164645,0,0,Uniform reuse available,0,0,0
6709419453454,1000.779,392,7.930994,0.045459,392,2.553007,4.259244,1,243040,243040,392,76.892238,0.295465,75.872487,0,0,0,0.000000,0.000000,0,0,0,0.000000,0.000000,392,2466250752,7,0.005290,0.000800,5457,1353504,85,0.067388,0.001940,0,1,0,0,0,0,0,GLES multidraw available,0,1,3519981,0,0,Uniform reuse available,0,0,0
6710419952602,1000.499,393,7.664734,0.031439,393,2.545800,4.421831,1,243660,243660,393,76.686338,0.350264,75.684723,0,0,0,0.000000,0.000000,0,0,0,0.000000,0.000000,393,2472542208,6,0.004710,0.000820,5155,1380016,81,0.063570,0.002290,0,1,0,0,0,0,0,GLES multidraw available,0,1,3534086,0,0,Uniform reuse available,0,0,0
6711422319986,1002.367,388,7.746985,0.042350,388,2.583421,4.242334,1,240560,240560,388,76.606337,0.276725,75.584164,0,0,0,0.000000,0.000000,0,0,0,0.000000,0.000000,388,2441084928,6,0.004780,0.000850,5432,1384384,85,0.066869,0.001950,0,1,0,0,0,0,0,GLES multidraw available,0,1,3490836,0,0,Uniform reuse available,0,0,0
6712424846892,1002.527,392,7.890812,0.036619,392,2.557466,3.620294,1,243040,243040,392,77.451571,0.284826,76.414923,0,0,0,0.000000,0.000000,0,0,0,0.000000,0.000000,392,2466250752,6,0.005050,0.001000,5488,1398656,85,0.066860,0.001990,0,1,0,0,0,0,0,GLES multidraw available,0,1,3526824,0,0,Uniform reuse available,0,0,0
6713426896401,1002.050,384,7.870006,0.039099,384,2.609504,4.696057,1,238080,238080,384,77.301127,0.352235,76.238243,0,0,0,0.000000,0.000000,0,0,0,0.000000,0.000000,384,2415919104,6,0.004760,0.000830,5376,1393984,84,0.067150,0.002260,0,1,0,0,0,0,0,GLES multidraw available,0,1,3454848,0,0,Uniform reuse available,0,0,0
6714427157201,1000.261,389,8.093124,0.037589,389,2.571364,4.224695,1,241180,241180,389,77.077169,0.347075,76.044261,0,0,0,0.000000,0.000000,0,0,0,0.000000,0.000000,389,2447376384,6,0.005000,0.001070,5446,1435312,86,0.068929,0.002340,0,1,0,0,0,0,0,GLES multidraw available,0,1,3499833,0,0,Uniform reuse available,0,0,0
6715429487424,1002.330,395,8.074558,0.035120,395,2.537545,3.655423,1,244900,244900,395,78.469957,0.352235,77.334784,0,0,0,0.000000,0.000000,0,0,0,0.000000,0.000000,395,2485125120,6,0.004870,0.001000,5530,1531408,86,0.069098,0.002760,0,1,0,0,0,0,0,GLES multidraw available,0,1,3553815,0,0,Uniform reuse available,0,0,0
6716431305180,1001.818,394,7.956287,0.032499,394,2.542685,4.266385,1,244280,244280,394,77.027131,0.349174,75.962320,0,0,0,0.000000,0.000000,0,0,0,0.000000,0.000000,394,2478833664,6,0.004840,0.001020,5516,1557088,86,0.066470,0.001950,0,1,0,0,0,0,0,GLES multidraw available,0,1,3544818,0,0,Uniform reuse available,0,0,0
6717432911873,1001.607,395,7.935734,0.045839,395,2.535713,3.561225,1,244900,244900,395,77.178649,0.327034,76.120661,0,0,0,0.000000,0.000000,0,0,0,0.000000,0.000000,395,2485125120,6,0.004560,0.000810,5530,1561040,87,0.069198,0.002310,0,1,0,0,0,0,0,GLES multidraw available,0,1,3553815,0,0,Uniform reuse available,0,0,0
6718434696168,1001.784,399,7.865678,0.036870,399,2.510738,4.372213,1,247380,247380,399,77.474557,0.357395,76.487369,0,0,0,0.000000,0.000000,0,0,0,0.000000,0.000000,399,2510290944,7,0.005420,0.000810,5586,1591632,87,0.066160,0.001980,0,1,0,0,0,0,0,GLES multidraw available,0,1,3589803,0,0,Uniform reuse available,0,0,0
6719435404063,1000.708,394,7.897411,0.036790,394,2.539868,4.225285,1,244280,244280,394,77.442276,0.348885,76.377473,0,0,0,0.000000,0.000000,0,0,0,0.000000,0.000000,396,2478841856,6,0.004369,0.000960,5516,1582304,86,0.067840,0.002360,0,1,0,0,0,0,0,GLES multidraw available,0,1,3544818,0,0,Uniform reuse available,0,0,0
6720438222311,1002.818,386,8.010002,0.035849,386,2.597974,3.968109,1,239320,239320,386,77.542498,0.353015,76.487546,0,0,0,0.000000,0.000000,0,0,0,0.000000,0.000000,386,2428502016,6,0.004810,0.000940,5404,1550176,84,0.068689,0.002660,0,1,0,0,0,0,0,GLES multidraw available,0,1,3472842,0,0,Uniform reuse available,0,0,0
6721438400383,1000.178,387,7.953197,0.037619,387,2.584440,4.603650,1,239940,239940,387,77.843808,0.350734,76.800459,0,0,0,0.000000,0.000000,0,0,0,0.000000,0.000000,387,2434793472,6,0.005070,0.001020,5418,1554192,85,0.067389,0.002370,0,1,0,0,0,0,0,GLES multidraw available,0,1,3481839,0,0,Uniform reuse available,0,0,0
6722440391751,1001.991,390,7.960752,0.031109,390,2.569209,4.515022,1,241800,241800,390,76.051762,0.276296,75.078818,0,0,0,0.000000,0.000000,0,0,0,0.000000,0.000000,391,2453671936,6,0.004690,0.000860,5437,1580832,85,0.070110,0.005350,0,1,0,0,0,0,0,GLES multidraw available,0,1,3508715,0,0,Uniform reuse available,0,0,0
6723441406578,1001.015,385,8.119218,0.036650,385,2.600039,4.358755,1,238700,238700,385,77.732921,0.337665,76.644362,0,0,0,0.000000,0.000000,0,0,0,0.000000,0.000000,385,2422210560,6,0.004670,0.000840,5390,1570800,84,0.057699,0.001740,0,1,0,0,0,0,0,GLES multidraw available,0,1,3463845,0,0,Uniform reuse available,0,0,0
6724441694490,1000.288,386,7.952957,0.065649,386,2.591419,4.282486,1,239320,239320,386,77.796730,0.348045,76.739909,0,0,0,0.000000,0.000000,0,0,0,0.000000,0.000000,386,2428502016,6,0.004910,0.000860,5404,1576992,85,0.059039,0.001910,0,1,0,0,0,0,0,GLES multidraw available,0,1,3472842,0,0,Uniform reuse available,0,0,0
6725444116874,1002.422,391,8.013946,0.034740,391,2.563740,3.803243,1,242420,242420,391,78.129337,0.340635,77.068599,0,0,0,0.000000,0.000000,0,0,0,0.000000,0.000000,391,2459959296,6,0.004670,0.000820,5474,1620304,85,0.058760,0.001720,0,1,0,0,0,0,0,GLES multidraw available,0,1,3517827,0,0,Uniform reuse available,0,0,0
6726444154097,1000.037,392,7.978192,0.041039,392,2.551115,4.231966,1,243040,243040,392,77.281810,0.351005,76.336101,0,0,0,0.000000,0.000000,0,0,0,0.000000,0.000000,393,2466254848,6,0.004720,0.000840,5488,1649280,86,0.059138,0.001520,0,1,0,0,0,0,0,GLES multidraw available,0,1,3526824,0,0,Uniform reuse available,0,0,0
6727446240423,1002.086,389,7.849168,0.036840,389,2.576058,4.253466,1,241180,241180,389,77.097312,0.298025,76.063506,0,0,0,0.000000,0.000000,0,0,0,0.000000,0.000000,389,2447376384,6,0.005150,0.000970,5446,1636912,85,0.058469,0.001590,0,1,0,0,0,0,0,GLES multidraw available,0,1,3499833,0,0,Uniform reuse available,0,0,0
6728448742517,1002.502,391,7.879046,0.034709,391,2.563944,4.236487,1,242420,242420,391,76.553351,0.300846,75.543984,0,0,0,0.000000,0.000000,0,0,0,0.000000,0.000000,394,2459971584,7,0.005360,0.000790,5474,1645328,86,0.059129,0.001590,0,1,0,0,0,0,0,GLES multidraw available,0,1,3517827,0,0,Uniform reuse available,0,0,0
6729451830486,1003.088,351,7.415719,0.037790,351,2.857800,4.259116,1,217620,217620,351,71.195347,0.324145,70.302663,0,0,0,0.000000,0.000000,0,0,0,0.000000,0.000000,420,2208583680,6,0.004010,0.000910,4564,1477008,71,0.056720,0.002160,0,1,0,0,0,0,0,GLES multidraw available,0,1,3156197,0,0,Uniform reuse available,0,0,0
6730452779270,1000.949,299,6.510518,0.056109,299,3.347655,5.158013,1,185380,185380,299,61.190661,0.304506,60.133372,0,0,0,0.000000,0.000000,0,0,0,0.000000,0.000000,359,1881391104,6,0.003700,0.000880,3887,1240720,61,0.047350,0.002510,0,1,0,0,0,0,0,GLES multidraw available,0,1,2682784,0,0,Uniform reuse available,0,0,0
6731453087757,1000.308,269,5.856255,0.032569,269,3.718621,6.848219,1,166780,166780,269,55.805141,0.353115,55.024796,0,0,0,0.000000,0.000000,0,0,0,0.000000,0.000000,323,1692622848,5,0.003260,0.000860,3497,1099504,54,0.043190,0.002250,0,1,0,0,0,0,0,GLES multidraw available,1,1,2407618,298988,7007276,Uniform reuse available,346554,0,1404
6732453292859,1000.205,151,3.327427,0.030120,151,6.623875,8.154109,1,93620,93620,151,32.764717,0.309035,32.342519,0,0,0,0.000000,0.000000,0,0,0,0.000000,0.000000,181,950132736,3,0.002360,0.000990,2053,612176,32,0.026399,0.002270,0,1,0,0,0,0,0,GLES multidraw available,1,1,1347672,1158024,27144756,Uniform reuse available,1342236,0,5436
6733458596559,1005.304,160,3.470136,0.031719,160,6.283148,8.349256,1,99200,99200,160,33.857281,0.330645,33.331847,0,0,0,0.000000,0.000000,0,0,0,0.000000,0.000000,192,1006764032,3,0.001720,0.000680,2194,653888,35,0.027170,0.001840,0,1,0,0,0,0,0,GLES multidraw available,1,1,1428090,1227137,28765688,Uniform reuse available,1422330,0,5760
6734463230563,1004.634,168,3.745852,0.034100,168,5.979964,6.613603,1,104160,104160,168,36.758018,0.306886,36.310063,0,0,0,0.000000,0.000000,0,0,0,0.000000,0.000000,202,1057103872,3,0.001970,0.000840,2352,696256,36,0.030710,0.002360,0,1,0,0,0,0,0,GLES multidraw available,1,1,1499736,1288746,30212064,Uniform reuse available,1493688,0,6048
6735466660137,1003.430,171,3.736851,0.031139,171,5.868009,7.551679,1,106020,106020,171,34.640669,0.288536,34.058856,0,0,0,0.000000,0.000000,0,0,0,0.000000,0.000000,205,1075978240,3,0.001760,0.000690,2394,719568,38,0.029459,0.002269,0,1,0,0,0,0,0,GLES multidraw available,1,1,1526517,1311758,30751544,Uniform reuse available,1520361,0,6156
6736471811610,1005.151,169,3.734575,0.030109,169,5.947640,6.692712,1,104780,104780,169,36.254764,0.353295,35.772307,0,0,0,0.000000,0.000000,0,0,0,0.000000,0.000000,203,1063395328,3,0.002000,0.000710,2366,716784,37,0.029440,0.002800,0,1,0,0,0,0,0,GLES multidraw available,1,1,1508727,1296408,30391752,Uniform reuse available,1502637,0,6090
6737475224561,1003.413,167,3.743768,0.031590,167,6.008462,6.963767,1,103540,103540,167,36.460755,0.348795,35.963134,0,0,0,0.000000,0.000000,0,0,0,0.000000,0.000000,200,1050808320,3,0.002320,0.000940,2338,738736,36,0.030190,0.002560,0,1,0,0,0,0,0,GLES multidraw available,1,1,1496153,1281066,30032088,Uniform reuse available,1489640,0,6513
6738478396229,1003.172,170,3.765611,0.030050,170,5.901010,6.480986,1,105400,105400,170,35.981269,0.349915,35.519251,0,0,0,0.000000,0.000000,0,0,0,0.000000,0.000000,205,1069690880,3,0.002170,0.000930,2380,752576,37,0.031960,0.002530,0,1,0,0,0,0,0,GLES multidraw available,1,1,1522742,1304081,30571616,Uniform reuse available,1516139,0,6603
6739478757121,1000.361,171,3.742200,0.039929,171,5.850064,6.820090,1,106020,106020,171,36.046096,0.309766,35.513095,0,0,0,0.000000,0.000000,0,0,0,0.000000,0.000000,180,1075875840,3,0.002410,0.000940,2130,660720,34,0.033840,0.002430,0,1,0,0,0,0,0,GLES multidraw available,1,1,1526313,1308058,30657496,Uniform reuse available,1519776,0,6537
6740483016549,1004.259,170,3.776720,0.038720,170,5.907407,6.356667,1,105400,105400,170,35.714811,0.369964,35.204973,0,0,0,0.000000,0.000000,0,0,0,0.000000,0.000000,189,1069625344,3,0.002380,0.000950,2351,765216,36,0.029989,0.002310,0,1,0,0,0,0,0,GLES multidraw available,1,1,1528422,1303705,30561916,Uniform reuse available,1521177,0,7245
6741486538901,1003.522,170,3.821575,0.032440,170,5.903073,7.667429,1,105400,105400,170,35.397205,0.334545,34.893864,0,0,0,0.000000,0.000000,0,0,0,0.000000,0.000000,204,1069686784,3,0.002520,0.001000,2380,780640,38,0.028250,0.002050,0,1,0,0,0,0,0,GLES multidraw available,1,1,1529490,1304078,30571568,Uniform reuse available,1522180,0,7310
6742488555077,1002.016,170,3.748603,0.034850,170,5.894213,7.661829,1,105400,105400,170,34.368399,0.301346,33.949575,0,0,0,0.000000,0.000000,0,0,0,0.000000,0.000000,204,1069686784,4,0.003140,0.001080,2380,783712,37,0.026459,0.001950,0,1,0,0,0,0,0,GLES multidraw available,1,1,1529490,1304090,30571760,Uniform reuse available,1522180,0,7310
6743491226177,1002.671,168,3.694638,0.051980,168,5.968281,7.584100,1,104160,104160,168,34.132802,0.282706,33.637466,0,0,0,0.000000,0.000000,0,0,0,0.000000,0.000000,202,1057103872,3,0.002310,0.000950,2352,782208,37,0.026430,0.002020,0,1,0,0,0,0,0,GLES multidraw available,1,1,1511496,1288741,30211984,Uniform reuse available,1504272,0,7224
6744492815175,1001.589,169,3.583576,0.030679,169,5.926562,6.274659,1,104780,104780,169,33.957768,0.287056,33.565044,0,0,0,0.000000,0.000000,0,0,0,0.000000,0.000000,203,1063395328,3,0.002330,0.001050,2366,795888,37,0.028050,0.001960,0,1,0,0,0,0,0,GLES multidraw available,1,1,1520493,1296407,30391736,Uniform reuse available,1513226,0,7267
6745496572775,1003.758,169,3.622742,0.030849,169,5.939394,6.908810,1,104780,104780,169,33.306651,0.327125,32.809854,0,0,0,0.000000,0.000000,0,0,0,0.000000,0.000000,202,1063392992,3,0.002379,0.000990,2367,808336,37,0.028109,0.002030,0,1,0,0,0,0,0,GLES multidraw available,1,1,1521156,1296409,30391768,Uniform reuse available,1513838,0,7318
6746497429518,1000.857,168,3.698832,0.033529,168,5.957478,6.562296,1,104160,104160,168,33.716476,0.315305,33.179717,0,0,0,0.000000,0.000000,0,0,0,0.000000,0.000000,192,1057062912,3,0.002660,0.001030,2352,818624,36,0.028350,0.002040,0,1,0,0,0,0,0,GLES multidraw available,1,1,1513680,1288743,30212016,Uniform reuse available,1506288,0,7392
6747500525992,1003.096,169,3.711419,0.043289,169,5.935486,7.553561,1,104780,104780,169,33.638050,0.328765,33.115521,0,0,0,0.000000,0.000000,0,0,0,0.000000,0.000000,169,1063256064,3,0.002370,0.000850,2366,835408,37,0.029390,0.002200,0,1,0,0,0,0,0,GLES multidraw available,1,1,1522690,1296409,30391768,Uniform reuse available,1515254,0,7436
6748505009769,1004.484,170,3.833850,0.036909,170,5.908728,6.433168,1,105400,105400,170,34.585795,0.346425,34.117211,0,0,0,0.000000,0.000000,0,0,0,0.000000,0.000000,170,1069547520,2,0.001550,0.000810,2380,852896,37,0.032089,0.002640,0,1,0,0,0,0,0,GLES multidraw available,1,1,1531700,1304084,30571664,Uniform reuse available,1524220,0,7480
6749510865689,1005.856,170,3.790979,0.036529,170,5.916800,7.673841,1,105400,105400,170,34.479616,0.344095,34.048092,0,0,0,0.000000,0.000000,0,0,0,0.000000,0.000000,170,1069547520,3,0.002390,0.000850,2380,862240,38,0.030490,0.002450,0,1,0,0,0,0,0,GLES multidraw available,1,1,1531700,1304078,30571568,Uniform reuse available,1524220,0,7480
6750511766691,1000.901,171,3.729879,0.040880,171,5.853222,6.387649,1,106020,106020,171,34.075281,0.302555,33.586743,0,0,0,0.000000,0.000000,0,0,0,0.000000,0.000000,176,1075859456,3,0.002460,0.001020,2394,867312,37,0.028758,0.002010,0,1,0,0,0,0,0,GLES multidraw available,1,1,1540710,1311758,30751544,Uniform reuse available,1533186,0,7524
6751513523474,1001.757,170,3.710673,0.032460,170,5.892687,6.870302,1,105400,105400,170,34.578807,0.313335,34.104951,0,0,0,0.000000,0.000000,0,0,0,0.000000,0.000000,206,1069694976,3,0.002240,0.000880,2380,862240,37,0.029410,0.001950,0,1,0,0,0,0,0,GLES multidraw available,1,1,1531700,1304087,30571712,Uniform reuse available,1524220,0,7480
6752515019393,1001.496,170,3.856070,0.033509,170,5.891153,6.451439,1,105400,105400,170,34.891157,0.339805,34.390862,0,0,0,0.000000,0.000000,0,0,0,0.000000,0.000000,295,1070059520,5,0.004900,0.001010,2380,869920,37,0.027660,0.001850,0,1,0,0,0,0,0,GLES multidraw available,1,1,1531700,1304078,30571568,Uniform reuse available,1524220,0,7480
6753520609435,1005.590,170,3.777134,0.036739,170,5.915236,7.684842,1,105400,105400,170,34.597670,0.303236,34.145822,0,0,0,0.000000,0.000000,0,0,0,0.000000,0.000000,340,1070243840,5,0.005040,0.001050,2380,873120,38,0.027600,0.001420,0,1,0,0,0,0,0,GLES multidraw available,1,1,1531700,1304078,30571568,Uniform reuse available,1524220,0,7480
6754521685644,1001.076,170,3.807856,0.055599,170,5.888683,6.476159,1,105400,105400,170,34.751468,0.353855,34.245075,0,0,0,0.000000,0.000000,0,0,0,0.000000,0.000000,340,1070243840,5,0.005080,0.001070,2380,882080,37,0.027580,0.001400,0,1,0,0,0,0,0,GLES multidraw available,1,1,1531700,1304088,30571728,Uniform reuse available,1524220,0,7480
6755523674492,1001.989,169,3.726045,0.036320,169,5.928928,7.568504,1,104780,104780,169,34.792323,0.356475,34.357764,0,0,0,0.000000,0.000000,0,0,0,0.000000,0.000000,338,1063948288,6,0.006050,0.001170,2366,889616,37,0.027368,0.001710,0,1,0,0,0,0,0,GLES multidraw available,1,1,1522690,1296407,30391736,Uniform reuse available,1515254,0,7436
6756527017322,1003.343,163,3.794062,0.043579,163,6.155477,7.372467,1,103121,103121,163,35.253775,0.314755,34.732977,0,0,0,0.000000,0.000000,0,0,0,0.000000,0.000000,647,1038132208,10,0.011559,0.003050,2431,12903164,38,0.058889,0.011179,0,1,0,0,0,0,0,GLES multidraw available,1,1,1490883,1264130,29696744,Uniform reuse available,1484122,0,6761
6757532743541,1005.726,141,3.599245,0.041499,141,7.132810,11.031216,1,97667,97667,141,32.559773,0.393974,32.140112,0,0,0,0.000000,0.000000,0,0,0,0.000000,0.000000,870,633117440,13,0.037089,0.006870,2229,23079700,35,0.088649,0.028329,0,1,0,0,0,0,0,GLES multidraw available,1,1,1462216,1202567,28596104,Uniform reuse available,1456889,0,5327
6758536751367,1004.008,115,3.374062,0.070699,115,8.730498,11.515959,1,89164,89164,115,33.992646,0.619341,33.457279,0,0,0,0.000000,0.000000,0,0,0,0.000000,0.000000,1594,644854768,25,0.158348,0.117018,3008,41316180,47,0.325494,0.076079,0,1,0,0,0,0,0,GLES multidraw available,1,1,1403139,1124968,27020032,Uniform reuse available,1398927,0,4212
6759537912503,1001.161,149,4.179438,0.056989,149,6.719206,10.297266,1,104330,104330,149,38.402351,0.566532,37.793697,0,0,0,0.000000,0.000000,0,0,0,0.000000,0.000000,863,959879296,14,0.011520,0.004340,3077,23545044,48,0.198447,0.055919,0,1,0,0,0,0,0,GLES multidraw available,1,1,1497730,1264162,29751688,Uniform reuse available,1491239,0,6491
6760541786884,1003.874,156,4.355473,0.040820,156,6.435092,8.548861,1,103951,103951,156,35.280796,0.378864,34.694749,0,0,0,0.000000,0.000000,0,0,0,0.000000,0.000000,200,925892416,3,0.002400,0.001010,2165,1746944,34,0.027040,0.002920,0,1,0,0,0,0,0,GLES multidraw available,1,1,1499061,1266340,29794396,Uniform reuse available,1492495,0,6566
6761548011783,1006.225,150,4.229670,0.071969,150,6.708164,8.028869,1,97050,97050,150,34.738310,0.350005,34.170012,0,0,0,0.000000,0.000000,0,0,0,0.000000,0.000000,158,943751168,2,0.001370,0.000700,2100,777824,32,0.027069,0.002470,0,1,0,0,0,0,0,GLES multidraw available,1,1,1399050,1193489,27981704,Uniform reuse available,1392600,0,6450
6762549662908,1001.651,211,5.596316,0.061429,211,4.747161,7.069162,1,136517,136517,211,44.362971,0.323406,43.553306,0,0,0,0.000000,0.000000,0,0,0,0.000000,0.000000,243,1327628288,4,0.002410,0.000700,2795,1090448,44,0.033990,0.002380,0,1,0,0,0,0,0,GLES multidraw available,0,1,1967202,836699,19604612,Uniform reuse available,974555,0,4515
6763550979789,1001.317,326,9.043009,0.072849,326,3.071524,4.985951,1,242875,242875,326,84.088886,0.463414,82.607878,0,0,0,0.000000,0.000000,0,0,0,0.000000,0.000000,453,1135323440,7,0.007460,0.003690,3804,10654164,59,0.111670,0.026640,0,1,0,0,0,0,0,GLES multidraw available,0,1,3618020,0,0,Uniform reuse available,0,0,0
6764551951896,1000.972,361,8.304826,0.053900,361,2.772776,19.135657,1,225686,225686,361,81.655772,1.350532,80.413887,0,0,0,0.000000,0.000000,0,0,0,0.000000,0.000000,332,466280912,5,0.007850,0.005640,3575,8609040,56,0.064179,0.008720,0,1,0,0,0,0,0,GLES multidraw available,0,1,3544479,0,0,Uniform reuse available,0,0,0
6765554908527,1002.957,291,3.282807,0.019220,302,3.321048,167.650539,1,66639,66639,291,22.720785,0.165888,21.971655,0,0,0,0.000000,0.000000,0,0,0,0.000000,0.000000,8,1147456,0,0.000000,0.000000,2850,2709908,45,0.028390,0.001390,0,1,0,0,0,0,0,GLES multidraw available,0,1,1032083,0,0,Uniform reuse available,0,0,0
6766555114097,1000.206,0,0.000000,0.000000,1283,0.779584,30.496341,1,0,0,0,0.000000,0.000000,0.000000,0,0,0,0.000000,0.000000,0,0,0,0.000000,0.000000,0,0,0,0.000000,0.000000,9131,663212,142,0.098800,0.001810,0,1,0,0,0,0,0,GLES multidraw available,0,1,49595,0,0,Uniform reuse available,0,0,0
